train-images/image_train_8.png,1222
train-images/image_train_9.png,1330
train-images/image_train_10.png,1361
train-images/image_train_11.png,1377
train-images/image_train_12.png,1529
train-images/image_train_13.png,1653
train-images/image_train_14.png,1991
train-images/image_train_15.png,2172
train-images/image_train_16.png,2288
train-images/image_train_17.png,2380
train-images/image_train_18.png,2994
train-images/image_train_19.png,3363
train-images/image_train_20.png,3486
train-images/image_train_21.png,3565
train-images/image_train_22.png,3731
train-images/image_train_23.png,3737
train-images/image_train_24.png,4113
train-images/image_train_25.png,4148
train-images/image_train_26.png,4206
train-images/image_train_27.png,4239
train-images/image_train_28.png,4643
train-images/image_train_29.png,4701
train-images/image_train_30.png,4851
train-images/image_train_31.png,5136
train-images/image_train_32.png,5158
train-images/image_train_33.png,5193
train-images/image_train_34.png,5210
train-images/image_train_35.png,5245
train-images/image_train_36.png,5317
train-images/image_train_37.png,5389
train-images/image_train_38.png,5415
train-images/image_train_39.png,5510
train-images/image_train_40.png,5551
train-images/image_train_41.png,5940
train-images/image_train_42.png,6033
train-images/image_train_43.png,6168
train-images/image_train_44.png,6323
train-images/image_train_45.png,6561
train-images/image_train_46.png,6573
train-images/image_train_47.png,6607
train-images/image_train_48.png,6763
train-images/image_train_49.png,6851
train-images/image_train_50.png,6934
train-images/image_train_51.png,7062
train-images/image_train_52.png,7219
train-images/image_train_53.png,7454
train-images/image_train_54.png,7482
train-images/image_train_55.png,7641
train-images/image_train_56.png,7717
train-images/image_train_57.png,7768
train-images/image_train_58.png,8508
train-images/image_train_59.png,8689
train-images/image_train_60.png,8751
train-images/image_train_61.png,9321
train-images/image_train_62.png,9515
train-images/image_train_63.png,9577
train-images/image_train_64.png,9613
train-images/image_train_65.png,9685
train-images/image_train_66.png,9707
train-images/image_train_67.png,9737
